<?xml version="1.0" encoding="UTF-8"?>
<project-private xmlns="http://www.netbeans.org/ns/project-private/1">
    <editor-bookmarks xmlns="http://www.netbeans.org/ns/editor-bookmarks/2" lastBookmarkId="0"/>
    <open-files xmlns="http://www.netbeans.org/ns/projectui-open-files/2">
        <group>
            <file>file:/Users/Ojha/NetBeansProjects/Marketing%20Agency%20Management%20System/src/marketing/agency/management/system/MarketingAgencyManagementSystem.java</file>
            <file>file:/Users/Ojha/NetBeansProjects/Marketing%20Agency%20Management%20System/src/Packages.java</file>
            <file>file:/Users/Ojha/NetBeansProjects/Marketing%20Agency%20Management%20System/src/ManageClients.java</file>
            <file>file:/Users/Ojha/NetBeansProjects/Marketing%20Agency%20Management%20System/src/Login.java</file>
            <file>file:/Users/Ojha/NetBeansProjects/Marketing%20Agency%20Management%20System/src/Home.java</file>
            <file>file:/Users/Ojha/NetBeansProjects/Marketing%20Agency%20Management%20System/src/ManageUser.java</file>
            <file>file:/Users/Ojha/NetBeansProjects/Marketing%20Agency%20Management%20System/src/Sales.java</file>
        </group>
    </open-files>
</project-private>
